workers,total_time,avg_response_time
1,14.4317,0.112748
5,14.0658,0.109889
10,14.015,0.109492
20,14.0865,0.110051
